side,entry_time,exit_time,entry,exit,pnl_usdt,ret_pct,hold_bars,hold_hours,reason
SHORT,2022-01-03 16:00:00,2022-01-04 14:00:00,46458.0584,47169.075754782796,-158.12,-1.53,22,22,tp/sl
SHORT,2022-01-04 18:00:00,2022-01-04 19:00:00,45732.77605,46432.693321057224,-155.54,-1.53,1,1,tp/sl
LONG,2022-01-09 16:00:00,2022-01-10 11:00:00,42153.242179999994,41508.4872642358,-152.77,-1.53,19,19,tp/sl
LONG,2022-01-10 16:00:00,2022-01-10 17:00:00,41928.074649999995,41286.76378419092,-150.28,-1.53,1,1,tp/sl
SHORT,2022-01-13 15:00:00,2022-01-14 14:00:00,43189.23934,42995.8949,37.26,0.448,23,23,taker
LONG,2022-01-24 18:00:00,2022-01-26 11:00:00,36186.75277,38346.45054881914,555.81,5.968,41,41,tp/sl
LONG,2022-01-28 20:00:00,2022-01-31 00:00:00,37772.428329999995,37194.68015247848,-157.05,-1.53,52,52,tp/sl
LONG,2022-01-31 16:00:00,2022-02-02 14:00:00,38345.5002,37758.9866016909,-154.49,-1.53,46,46,tp/sl
LONG,2022-02-09 20:00:00,2022-02-10 00:00:00,44763.424999999996,44078.7460329125,-151.97,-1.53,4,4,tp/sl
LONG,2022-02-10 15:00:00,2022-02-10 20:00:00,44960.584129999996,44272.88951543959,-149.5,-1.53,5,5,tp/sl
LONG,2022-02-21 15:00:00,2022-02-21 18:00:00,38841.649,38247.5465577205,-147.06,-1.53,3,3,tp/sl
SHORT,2022-02-23 18:00:00,2022-02-24 03:00:00,37768.56603,35513.10280382046,542.91,5.972,9,9,tp/sl
LONG,2022-02-24 19:00:00,2022-02-24 20:00:00,37317.1918,39544.3564410076,573.87,5.968,1,1,tp/sl
SHORT,2022-02-27 19:00:00,2022-02-27 20:00:00,37594.61823,38169.98506470103,-162.4,-1.53,1,1,tp/sl
SHORT,2022-03-03 15:00:00,2022-03-04 19:00:00,42532.53641000001,39992.57840066762,598.59,5.972,28,28,tp/sl
SHORT,2022-03-11 20:00:00,2022-03-11 21:00:00,38351.4911,38938.44149553994,-169.14,-1.53,1,1,tp/sl
LONG,2022-03-15 19:00:00,2022-03-16 00:00:00,39745.720140000005,39137.789477598635,-166.12,-1.53,5,5,tp/sl
LONG,2022-04-01 14:00:00,2022-04-02 23:00:00,46138.33735,45795.65718,-82.01,-0.743,33,33,taker
SHORT,2022-04-05 14:00:00,2022-04-07 00:00:00,45800.2558,43065.156124135596,608.1,5.972,34,34,tp/sl
LONG,2022-04-10 17:00:00,2022-04-10 22:00:00,43116.03092999999,42456.54967891018,-171.56,-1.53,5,5,tp/sl
LONG,2022-04-13 14:00:00,2022-04-14 14:00:00,40655.99314,40435.065839999996,-63.4,-0.543,24,24,taker
LONG,2022-04-18 17:00:00,2022-04-20 18:00:00,40218.46192,40956.60933,189.52,1.835,49,49,taker
SHORT,2022-04-21 17:00:00,2022-04-24 16:00:00,41536.13542,39055.680484988436,640.17,5.972,71,71,tp/sl
LONG,2022-04-25 16:00:00,2022-04-26 14:00:00,39475.03896,39268.81582,-65.45,-0.522,22,22,taker
LONG,2022-05-01 15:00:00,2022-05-01 19:00:00,38502.247209999994,37913.336087799435,-179.49,-1.53,4,4,tp/sl
SHORT,2022-05-03 16:00:00,2022-05-04 07:00:00,38133.45653,38717.07001546339,-176.83,-1.53,15,15,tp/sl
LONG,2022-05-19 15:00:00,2022-05-19 20:00:00,30395.415889999997,29930.502806254503,-173.68,-1.53,5,5,tp/sl
SHORT,2022-05-20 14:00:00,2022-05-22 09:00:00,29485.851590000002,29937.117805659153,-171.12,-1.53,43,43,tp/sl
SHORT,2022-05-23 19:00:00,2022-05-24 15:00:00,29085.771650000002,29530.914842217422,-168.33,-1.53,20,20,tp/sl
LONG,2022-05-26 16:00:00,2022-05-27 00:00:00,29594.57571,29141.911877227696,-165.33,-1.53,8,8,tp/sl
SHORT,2022-05-27 17:00:00,2022-05-27 19:00:00,28380.183390000002,28814.527906692252,-162.88,-1.53,2,2,tp/sl
SHORT,2022-06-01 15:00:00,2022-06-03 01:00:00,30738.7756,30630.58642,30.62,0.352,34,34,taker
LONG,2022-06-05 17:00:00,2022-06-07 00:00:00,30034.0075,30191.23991,48.08,0.524,31,31,taker
LONG,2022-06-07 19:00:00,2022-06-07 22:00:00,31067.81755,30592.619746663975,-161.06,-1.53,3,3,tp/sl
LONG,2022-07-03 19:00:00,2022-07-04 01:00:00,19498.8479,19200.60327194555,-158.44,-1.53,6,6,tp/sl
LONG,2022-07-05 18:00:00,2022-07-06 02:00:00,20124.13543,19816.326716530435,-155.86,-1.53,8,8,tp/sl
SHORT,2022-07-17 17:00:00,2022-07-18 02:00:00,20922.22145,21242.425588181522,-153.56,-1.53,9,9,tp/sl
LONG,2022-07-19 14:00:00,2022-07-20 13:00:00,22631.18732,23981.861841632242,565.07,5.968,23,23,tp/sl
SHORT,2022-07-22 19:00:00,2022-07-23 04:00:00,22580.72375,22926.310436631873,-159.91,-1.53,9,9,tp/sl
LONG,2022-07-24 14:00:00,2022-07-25 00:00:00,22780.93223,22432.486481076034,-157.06,-1.53,10,10,tp/sl
LONG,2022-08-02 16:00:00,2022-08-02 18:00:00,23387.51415,23029.790427318672,-154.5,-1.53,2,2,tp/sl
LONG,2022-08-07 17:00:00,2022-08-09 09:00:00,23249.47275,23460.959600000002,82.71,0.91,40,40,taker
SHORT,2022-08-14 16:00:00,2022-08-15 02:00:00,24304.40649,24676.373279126205,-153.45,-1.53,10,10,tp/sl
LONG,2022-08-23 18:00:00,2022-08-24 01:00:00,21550.4632,21220.838090124398,-150.72,-1.53,7,7,tp/sl
SHORT,2022-08-26 14:00:00,2022-08-27 15:00:00,21157.35089,19893.876209550977,556.39,5.972,25,25,tp/sl
SHORT,2022-08-30 14:00:00,2022-08-31 01:00:00,19821.951630000003,20125.316688721337,-157.21,-1.53,11,11,tp/sl
SHORT,2022-09-01 14:00:00,2022-09-01 20:00:00,19690.29114,19991.64120075213,-154.65,-1.53,6,6,tp/sl
SHORT,2022-09-02 17:00:00,2022-09-04 23:00:00,19797.159069999998,20007.100329999997,-106.89,-1.06,54,54,taker
SHORT,2022-09-06 17:00:00,2022-09-07 20:00:00,19101.96769,19394.313754511604,-150.36,-1.53,27,27,tp/sl
SHORT,2022-09-18 16:00:00,2022-09-19 05:00:00,19744.67482,18565.56232909924,554.2,5.972,13,13,tp/sl
SHORT,2022-09-20 17:00:00,2022-09-20 19:00:00,18763.769180000003,19050.939285415312,-156.6,-1.53,2,2,tp/sl
LONG,2022-09-21 17:00:00,2022-09-21 18:00:00,19892.76604,19588.49623703518,-153.8,-1.53,1,1,tp/sl
SHORT,2022-09-27 16:00:00,2022-09-28 14:00:00,19110.56511,19403.042753725993,-151.53,-1.53,22,22,tp/sl
LONG,2022-09-28 14:00:00,2022-09-29 13:00:00,19389.615139999998,19093.04128162613,-148.83,-1.53,23,23,tp/sl
LONG,2022-10-03 14:00:00,2022-10-06 22:00:00,19421.62474,19892.33051,220.0,2.424,80,80,taker
LONG,2022-10-13 16:00:00,2022-10-14 16:00:00,19090.7255,19296.30937,97.39,1.077,24,24,taker
LONG,2022-10-16 19:00:00,2022-10-18 18:00:00,19382.8131,19214.234,-88.08,-0.87,47,47,taker
LONG,2022-10-21 15:00:00,2022-10-24 04:00:00,19170.749499999998,19330.29917,74.19,0.832,61,61,taker
LONG,2022-10-28 16:00:00,2022-10-30 22:00:00,20711.11147,20580.723930000004,-64.92,-0.63,54,54,taker
LONG,2022-11-08 16:00:00,2022-11-08 17:00:00,20375.81091,20064.152694226093,-149.8,-1.53,1,1,tp/sl
SHORT,2022-11-08 18:00:00,2022-11-08 19:00:00,18595.819580000003,17485.314426321558,553.0,5.972,1,1,tp/sl
LONG,2022-12-04 17:00:00,2022-12-05 16:00:00,17054.51482,17036.98737,-15.09,-0.103,23,23,taker
LONG,2022-12-08 17:00:00,2022-12-11 20:00:00,16970.78971,17098.46892,69.23,0.752,75,75,taker
LONG,2022-12-12 20:00:00,2022-12-14 18:00:00,17126.43639,18148.57636662798,587.16,5.968,46,46,tp/sl
SHORT,2022-12-14 19:00:00,2022-12-16 22:00:00,17788.46186,16726.170494644517,622.61,5.972,51,51,tp/sl
LONG,2022-12-22 20:00:00,2022-12-25 18:00:00,16791.13583,16777.66519,-14.48,-0.08,70,70,taker
SHORT,2023-01-03 16:00:00,2023-01-04 03:00:00,16620.91223,16875.286981224035,-175.61,-1.53,11,11,tp/sl
LONG,2023-01-06 15:00:00,2023-01-11 23:00:00,16848.25296,17853.79039315872,646.22,5.968,128,128,tp/sl
SHORT,2023-01-18 16:00:00,2023-01-19 19:00:00,20839.44629,21098.627689999998,-149.69,-1.244,27,27,taker
SHORT,2023-01-22 20:00:00,2023-01-23 00:00:00,22451.862419999998,22795.476948406886,-180.42,-1.53,4,4,tp/sl
LONG,2023-02-01 19:00:00,2023-02-02 21:00:00,23388.0143,23448.963200000002,23.62,0.261,26,26,taker
LONG,2023-02-07 17:00:00,2023-02-07 18:00:00,23294.986399999998,22938.6779355188,-177.48,-1.53,1,1,tp/sl
SHORT,2023-02-08 15:00:00,2023-02-10 21:00:00,22863.039030000004,21497.70406520646,655.21,5.972,54,54,tp/sl
LONG,2023-02-17 19:00:00,2023-02-17 22:00:00,24533.25777,24158.009325778967,-184.85,-1.53,3,3,tp/sl
SHORT,2023-02-19 17:00:00,2023-02-20 09:00:00,24350.692600000002,24723.367774896702,-182.12,-1.53,16,16,tp/sl
SHORT,2023-02-21 16:00:00,2023-02-23 02:00:00,24394.07958,24530.15684,-68.9,-0.558,34,34,taker
SHORT,2023-02-27 17:00:00,2023-03-01 04:00:00,23328.09947,23685.124368338613,-177.97,-1.53,35,35,tp/sl
SHORT,2023-03-02 16:00:00,2023-03-05 01:00:00,23273.41588,22598.47751,315.71,2.9,57,57,taker
SHORT,2023-03-07 16:00:00,2023-03-09 19:00:00,22232.028390000003,20904.37611860598,674.35,5.972,51,51,tp/sl
LONG,2023-03-21 16:00:00,2023-03-21 21:00:00,28352.90332,27919.231487268942,-190.25,-1.53,5,5,tp/sl
SHORT,2023-03-22 19:00:00,2023-03-22 20:00:00,26664.89813,27072.99106343058,-187.44,-1.53,1,1,tp/sl
LONG,2023-03-23 15:00:00,2023-03-23 17:00:00,28590.27451,28152.971966232293,-184.1,-1.53,2,2,tp/sl
SHORT,2023-03-27 14:00:00,2023-03-28 18:00:00,26948.812930000004,27361.251037487185,-181.38,-1.53,28,28,tp/sl
LONG,2023-03-28 19:00:00,2023-03-30 02:00:00,27426.92561,29063.81938425602,667.46,5.968,31,31,tp/sl
SHORT,2023-03-30 17:00:00,2023-03-31 00:00:00,27831.14815,28257.089956861673,-188.89,-1.53,7,7,tp/sl
LONG,2023-03-31 14:00:00,2023-04-02 15:00:00,28533.95762,28097.51647122329,-185.52,-1.53,49,49,tp/sl
SHORT,2023-04-02 15:00:00,2023-04-03 08:00:00,28116.262590000002,28342.00005,-98.63,-0.803,17,17,taker
SHORT,2023-04-05 15:00:00,2023-04-09 19:00:00,28026.18962,28149.84242,-56.29,-0.441,100,100,taker
SHORT,2023-04-14 15:00:00,2023-04-16 18:00:00,30230.928,30495.745979999996,-105.55,-0.876,51,51,taker
LONG,2023-04-22 17:00:00,2023-04-24 08:00:00,27674.19977,27250.909047417965,-178.11,-1.53,39,39,tp/sl
SHORT,2023-04-26 19:00:00,2023-04-26 20:00:00,27877.934110000002,28304.591952586492,-175.48,-1.53,1,1,tp/sl
LONG,2023-04-27 18:00:00,2023-04-27 22:00:00,29778.43085,29322.954860933824,-172.35,-1.53,4,4,tp/sl
LONG,2023-05-02 15:00:00,2023-05-03 14:00:00,28543.46047,28106.87397038112,-169.55,-1.53,23,23,tp/sl
SHORT,2023-05-10 17:00:00,2023-05-10 20:00:00,27485.751800000002,27906.407488423098,-167.04,-1.53,3,3,tp/sl
LONG,2023-05-17 18:00:00,2023-05-18 17:00:00,27103.02847,26688.474098037117,-164.07,-1.53,23,23,tp/sl
SHORT,2023-05-18 17:00:00,2023-05-18 21:00:00,26485.0521,26890.392579864445,-161.64,-1.53,4,4,tp/sl
LONG,2023-05-20 17:00:00,2023-05-21 11:00:00,27146.04137,26827.14944,-123.1,-1.175,18,18,taker
LONG,2023-05-26 14:00:00,2023-05-29 00:00:00,26775.53025,28373.547446380504,587.25,5.968,58,58,tp/sl
SHORT,2023-05-29 16:00:00,2023-05-30 10:00:00,27592.81967,28015.113978639514,-166.19,-1.53,18,18,tp/sl
LONG,2023-06-06 14:00:00,2023-06-07 09:00:00,26032.50741,26475.454980000002,170.66,1.702,19,19,taker
LONG,2023-06-10 17:00:00,2023-06-10 18:00:00,26025.805399999997,25627.727693504297,-165.84,-1.53,1,1,tp/sl
SHORT,2023-06-13 15:00:00,2023-06-15 18:00:00,25751.87212,25399.617599999998,136.25,1.368,51,51,taker
LONG,2023-06-19 17:00:00,2023-06-20 21:00:00,26673.999799999998,28265.9574560636,618.97,5.968,28,28,tp/sl
SHORT,2023-07-04 19:00:00,2023-07-06 07:00:00,30691.38982,30809.54009,-48.21,-0.385,36,36,taker
LONG,2023-07-10 16:00:00,2023-07-10 21:00:00,30364.206529999996,30295.20871,-30.55,-0.227,5,5,taker
SHORT,2023-07-14 17:00:00,2023-07-20 08:00:00,30666.7972,30274.179529999998,135.25,1.28,135,135,taker
SHORT,2023-07-20 14:00:00,2023-07-23 05:00:00,29769.966330000003,29928.976,-64.97,-0.534,63,63,taker
LONG,2023-07-26 18:00:00,2023-07-27 18:00:00,29386.01316,29132.55761,-100.76,-0.863,24,24,taker
LONG,2023-07-28 14:00:00,2023-07-30 19:00:00,29497.946729999996,29191.33997,-119.14,-1.039,53,53,taker
SHORT,2023-07-31 17:00:00,2023-08-01 18:00:00,29207.135230000004,29281.18172,-32.84,-0.254,25,25,taker
SHORT,2023-08-02 14:00:00,2023-08-03 14:00:00,29270.2163,29404.21862,-54.76,-0.458,24,24,taker
SHORT,2023-08-07 15:00:00,2023-08-07 19:00:00,28850.24233,29161.14572,-120.92,-1.078,4,4,taker
SHORT,2023-08-09 16:00:00,2023-08-13 19:00:00,29509.24457,29450.03236,15.97,0.201,99,99,taker
SHORT,2023-08-14 18:00:00,2023-08-17 20:00:00,29316.602380000004,27565.87351907116,628.16,5.972,74,74,tp/sl
LONG,2023-08-23 15:00:00,2023-08-24 14:00:00,26153.74377,26109.364840000002,-24.65,-0.17,23,23,taker
LONG,2023-08-27 14:00:00,2023-08-28 00:00:00,26154.64404,26016.392740000003,-64.74,-0.529,10,10,taker
SHORT,2023-08-31 15:00:00,2023-09-03 20:00:00,26915.42295,26056.71467,349.53,3.19,77,77,taker
LONG,2023-09-06 17:00:00,2023-09-08 10:00:00,25866.15752,25824.85022,-24.04,-0.16,41,41,taker
SHORT,2023-09-15 14:00:00,2023-09-15 22:00:00,26226.42971,26627.81210349669,-180.87,-1.53,8,8,tp/sl
SHORT,2023-09-18 17:00:00,2023-09-19 09:00:00,26753.971400000002,27163.4275552913,-177.92,-1.53,16,16,tp/sl
LONG,2023-09-24 17:00:00,2023-09-24 19:00:00,26682.50235,26443.064700000003,-104.81,-0.897,2,2,taker
SHORT,2023-09-27 14:00:00,2023-09-28 10:00:00,26182.24297,26582.94910753436,-173.27,-1.53,20,20,tp/sl
LONG,2023-09-28 14:00:00,2023-10-01 22:00:00,26808.64018,28408.633443222763,637.63,5.968,80,80,tp/sl
SHORT,2023-10-02 18:00:00,2023-10-04 22:00:00,27789.060780000003,27762.426229999997,5.24,0.096,52,52,taker
SHORT,2023-10-05 15:00:00,2023-10-06 15:00:00,27541.435090000003,27962.942983334906,-180.44,-1.53,24,24,tp/sl
LONG,2023-10-06 15:00:00,2023-10-08 10:00:00,27954.3838,27807.355290000003,-64.62,-0.526,43,43,taker
SHORT,2023-10-26 16:00:00,2023-10-26 23:00:00,33758.76933,34275.43041521098,-176.38,-1.53,7,7,tp/sl
SHORT,2023-11-02 15:00:00,2023-11-04 22:00:00,34627.508630000004,35157.46533582783,-173.51,-1.53,55,55,tp/sl
LONG,2023-11-07 18:00:00,2023-11-09 14:00:00,35401.517270000004,37514.350623708146,638.49,5.968,44,44,tp/sl
SHORT,2023-11-09 16:00:00,2023-11-10 02:00:00,36318.70112,36874.54068129104,-180.69,-1.53,10,10,tp/sl
LONG,2023-11-10 16:00:00,2023-11-11 22:00:00,37398.116070000004,36826.09318565132,-177.47,-1.53,30,30,tp/sl
LONG,2023-11-15 15:00:00,2023-11-16 14:00:00,36422.82357,36691.28931000001,75.93,0.737,23,23,taker
LONG,2023-11-19 18:00:00,2023-11-21 14:00:00,36850.75191,36625.10917,-73.67,-0.612,44,44,taker
LONG,2023-11-22 18:00:00,2023-11-26 13:00:00,37215.26123,37505.64493,80.64,0.78,91,91,taker
LONG,2023-11-28 15:00:00,2023-12-02 19:00:00,37528.75525,39768.546420830506,658.0,5.968,100,100,tp/sl
LONG,2023-12-13 15:00:00,2023-12-14 13:00:00,41948.080649999996,41306.46378241792,-185.92,-1.53,22,22,tp/sl
LONG,2023-12-18 20:00:00,2023-12-19 17:00:00,41982.591,41837.64494,-45.77,-0.345,21,21,taker
LONG,2023-12-30 17:00:00,2024-01-02 00:00:00,42498.84583,45035.26194682607,682.2,5.968,55,55,tp/sl
LONG,2024-01-04 20:00:00,2024-01-05 01:00:00,44127.934409999994,43452.97558923184,-192.76,-1.53,5,5,tp/sl
SHORT,2024-01-11 16:00:00,2024-01-11 19:00:00,45992.09823,46695.984297361036,-189.91,-1.53,3,3,tp/sl
SHORT,2024-01-18 16:00:00,2024-01-19 18:00:00,41934.4159,41818.241709999995,26.84,0.277,26,26,taker
SHORT,2024-01-28 18:00:00,2024-01-29 15:00:00,41955.90945,42598.02366617751,-187.15,-1.53,21,21,tp/sl
LONG,2024-01-29 15:00:00,2024-01-31 01:00:00,42654.392479999995,42768.46561000001,25.3,0.267,34,34,taker
LONG,2024-01-31 15:00:00,2024-01-31 20:00:00,43367.20626,42703.88315665017,-184.12,-1.53,5,5,tp/sl
SHORT,2024-01-31 20:00:00,2024-02-01 17:00:00,42531.33677,42929.8751,-113.29,-0.937,21,21,taker
SHORT,2024-02-05 15:00:00,2024-02-06 15:00:00,42626.50821000001,43278.88560489995,-179.51,-1.53,24,24,tp/sl
LONG,2024-02-06 15:00:00,2024-02-09 02:00:00,43260.674309999995,45842.55787416942,660.6,5.968,59,59,tp/sl
SHORT,2024-02-20 16:00:00,2024-02-20 20:00:00,51380.5812,52166.93530497539,-186.94,-1.53,4,4,tp/sl
LONG,2024-02-24 17:00:00,2024-02-26 09:00:00,51549.4602,50934.715000000004,-144.44,-1.193,40,40,taker
LONG,2024-02-26 15:00:00,2024-02-27 02:00:00,52859.05295999999,56013.78695875872,679.05,5.968,11,11,tp/sl
SHORT,2024-03-05 16:00:00,2024-03-05 19:00:00,65499.04439,61587.572457117974,720.04,5.972,3,3,tp/sl
SHORT,2024-03-12 16:00:00,2024-03-12 19:00:00,70478.94997,71557.59505981585,-203.45,-1.53,3,3,tp/sl
SHORT,2024-03-14 14:00:00,2024-03-15 03:00:00,71664.29426000001,67384.64593538133,749.9,5.972,13,13,tp/sl
LONG,2024-03-17 15:00:00,2024-03-18 01:00:00,67984.18914,66944.33697500914,-211.57,-1.53,10,10,tp/sl
LONG,2024-03-20 18:00:00,2024-03-22 10:00:00,65419.619999999995,64636.00338,-164.41,-1.198,40,40,taker
LONG,2024-03-23 16:00:00,2024-03-23 20:00:00,65677.79743,64673.222679409446,-205.42,-1.53,4,4,tp/sl
SHORT,2024-03-27 15:00:00,2024-03-28 00:00:00,68861.43537,69915.32520762016,-202.39,-1.53,9,9,tp/sl
LONG,2024-03-28 14:00:00,2024-03-28 17:00:00,71547.85792,70453.49765918464,-198.78,-1.53,3,3,tp/sl
SHORT,2024-03-29 15:00:00,2024-03-30 01:00:00,69155.84702,70214.2426807176,-195.84,-1.53,10,10,tp/sl
LONG,2024-04-10 19:00:00,2024-04-12 14:00:00,70103.52475,69235.22320000001,-156.92,-1.239,43,43,taker
SHORT,2024-04-15 14:00:00,2024-04-17 15:00:00,64215.22965,60380.4245657613,712.19,5.972,49,49,tp/sl
LONG,2024-04-18 14:00:00,2024-04-18 17:00:00,63830.34335999999,62854.02634313711,-200.93,-1.53,3,3,tp/sl
SHORT,2024-04-24 14:00:00,2024-04-28 02:00:00,65216.52917,63979.08797,231.41,1.897,84,84,taker
LONG,2024-05-02 18:00:00,2024-05-03 20:00:00,59413.11859,62959.012333688384,753.87,5.968,26,26,tp/sl
LONG,2024-05-09 18:00:00,2024-05-10 14:00:00,62280.378509999995,61327.76898050029,-213.01,-1.53,20,20,tp/sl
SHORT,2024-05-10 14:00:00,2024-05-12 17:00:00,61045.580830000006,61626.582429999995,-133.02,-0.952,51,51,taker
SHORT,2024-05-16 17:00:00,2024-05-17 06:00:00,64981.899580000005,65976.41506212212,-207.66,-1.53,13,13,tp/sl
LONG,2024-05-17 14:00:00,2024-05-19 18:00:00,66834.0442,66569.72309,-57.52,-0.395,52,52,taker
LONG,2024-05-20 15:00:00,2024-05-20 23:00:00,67434.02414,71458.62156872348,760.37,5.968,8,8,tp/sl
SHORT,2024-05-21 16:00:00,2024-05-24 17:00:00,69647.19957000001,68938.07522,131.82,1.018,73,73,taker
LONG,2024-05-27 14:00:00,2024-05-28 01:00:00,69540.75597,68604.4125,-191.69,-1.346,11,11,taker
LONG,2024-05-30 16:00:00,2024-05-31 14:00:00,68707.40604,67656.49191091518,-213.69,-1.53,22,22,tp/sl
SHORT,2024-05-31 14:00:00,2024-06-02 11:00:00,67465.35432000001,68274.67626,-166.46,-1.2,45,45,taker
SHORT,2024-06-07 17:00:00,2024-06-09 12:00:00,69770.06270000001,69718.80936999999,3.09,0.073,43,43,taker
SHORT,2024-06-12 19:00:00,2024-06-12 21:00:00,67516.13908,68549.43983054985,-207.74,-1.53,2,2,tp/sl
LONG,2024-06-17 17:00:00,2024-06-18 00:00:00,66619.87997,65600.89559591886,-204.03,-1.53,7,7,tp/sl
SHORT,2024-06-28 17:00:00,2024-06-30 07:00:00,60800.85427,61731.38094417521,-201.02,-1.53,38,38,tp/sl
SHORT,2024-07-02 14:00:00,2024-07-04 02:00:00,62023.88725,58319.94475120449,740.93,5.972,36,36,tp/sl
SHORT,2024-07-10 19:00:00,2024-07-11 01:00:00,57372.783,58250.844757423496,-209.36,-1.53,6,6,tp/sl
SHORT,2024-07-11 15:00:00,2024-07-12 15:00:00,57388.57826,58266.88175598017,-205.94,-1.53,24,24,tp/sl
LONG,2024-07-16 15:00:00,2024-07-17 16:00:00,64907.66645999999,63914.87124766106,-202.27,-1.53,25,25,tp/sl
SHORT,2024-07-29 14:00:00,2024-08-01 02:00:00,68208.23139,64134.97222785197,746.71,5.972,60,60,tp/sl
SHORT,2024-08-02 14:00:00,2024-08-04 14:00:00,63138.95263000001,59368.42065684166,790.58,5.972,48,48,tp/sl
SHORT,2024-08-07 17:00:00,2024-08-08 01:00:00,55556.92792,56407.19892335163,-223.39,-1.53,8,8,tp/sl
LONG,2024-08-12 14:00:00,2024-08-12 15:00:00,60314.0888,59391.5546547596,-219.4,-1.53,1,1,tp/sl
SHORT,2024-08-15 18:00:00,2024-08-16 13:00:00,57854.83834,58740.27771337452,-216.16,-1.53,19,19,tp/sl
LONG,2024-08-16 17:00:00,2024-08-18 23:00:00,59232.56444,58417.16959,-191.75,-1.377,54,54,taker
SHORT,2024-08-20 14:00:00,2024-08-21 18:00:00,59440.1626,60349.86456851169,-209.5,-1.53,28,28,tp/sl
LONG,2024-08-21 18:00:00,2024-08-22 02:00:00,60791.03184,59861.20261249128,-205.76,-1.53,8,8,tp/sl
SHORT,2024-08-29 18:00:00,2024-09-02 20:00:00,59140.2526,59013.19865,21.15,0.215,98,98,taker
SHORT,2024-09-03 14:00:00,2024-09-04 15:00:00,57656.79777,58146.138609999995,-115.41,-0.849,25,25,taker
LONG,2024-09-11 17:00:00,2024-09-15 21:00:00,57713.20877,59640.1026,417.91,3.339,100,100,taker
SHORT,2024-10-13 14:00:00,2024-10-14 03:00:00,62224.82695,63177.14681405627,-207.54,-1.53,13,13,tp/sl
SHORT,2024-10-25 17:00:00,2024-10-27 13:00:00,66813.9498,67636.2848,-165.44,-1.231,44,44,taker
SHORT,2024-11-01 15:00:00,2024-11-01 16:00:00,69370.1827,70431.85866113214,-201.44,-1.53,1,1,tp/sl
SHORT,2024-11-04 16:00:00,2024-11-05 05:00:00,67729.07518,68765.63481109231,-198.15,-1.53,13,13,tp/sl
LONG,2024-11-15 20:00:00,2024-11-16 15:00:00,91456.02858,90057.16289485461,-194.62,-1.53,19,19,tp/sl
SHORT,2024-11-23 19:00:00,2024-11-25 05:00:00,97470.84997000001,98106.72319,-85.21,-0.652,34,34,taker
LONG,2024-11-27 15:00:00,2024-11-30 10:00:00,95572.96329,96102.46061000001,60.63,0.554,67,67,taker
LONG,2024-12-02 15:00:00,2024-12-02 17:00:00,97064.91074,95580.25439777634,-190.87,-1.53,2,2,tp/sl
SHORT,2024-12-04 16:00:00,2024-12-04 18:00:00,94805.34986,96256.29833693236,-188.05,-1.53,2,2,tp/sl
LONG,2024-12-04 20:00:00,2024-12-05 19:00:00,98769.622,98996.19223,20.97,0.229,23,23,taker
LONG,2024-12-06 17:00:00,2024-12-06 23:00:00,100869.05164,99326.20906064038,-184.94,-1.53,6,6,tp/sl
SHORT,2024-12-12 19:00:00,2024-12-13 14:00:00,99447.55678,100969.5519127395,-182.2,-1.53,19,19,tp/sl
LONG,2024-12-13 17:00:00,2024-12-17 14:00:00,101783.32584,107857.9582927829,670.49,5.968,93,93,tp/sl
LONG,2024-12-30 18:00:00,2024-12-30 21:00:00,94608.374,93161.291615483,-189.45,-1.53,3,3,tp/sl
LONG,2025-01-13 20:00:00,2025-01-15 14:00:00,93605.97336999999,99192.56507266834,698.26,5.968,42,42,tp/sl
SHORT,2025-01-20 17:00:00,2025-01-20 18:00:00,102921.01443,104496.16909534392,-197.6,-1.53,1,1,tp/sl
LONG,2025-01-21 18:00:00,2025-01-22 04:00:00,106898.15983,105263.09902632024,-194.08,-1.53,10,10,tp/sl
LONG,2025-01-29 20:00:00,2025-01-31 18:00:00,104239.16236999999,102644.77226196966,-190.92,-1.53,46,46,tp/sl
SHORT,2025-01-31 18:00:00,2025-02-02 22:00:00,102593.51271000001,96466.83331798423,704.8,5.972,52,52,tp/sl
LONG,2025-02-03 15:00:00,2025-02-04 21:00:00,98861.54956999999,97349.41273855206,-198.84,-1.53,30,30,tp/sl
SHORT,2025-02-07 19:00:00,2025-02-10 07:00:00,96871.32987999999,97465.73095,-82.25,-0.614,60,60,taker
LONG,2025-02-12 16:00:00,2025-02-13 11:00:00,97020.99756999999,95537.01290166806,-194.21,-1.53,19,19,tp/sl
SHORT,2025-02-13 16:00:00,2025-02-13 21:00:00,95334.39110000001,96793.43628858995,-191.34,-1.53,5,5,tp/sl
LONG,2025-02-14 16:00:00,2025-02-16 13:00:00,97698.50076,96815.04677000002,-113.54,-0.904,45,45,taker
SHORT,2025-02-21 17:00:00,2025-02-25 00:00:00,96944.9078,91155.55179599959,698.16,5.972,79,79,tp/sl
LONG,2025-02-28 15:00:00,2025-03-02 16:00:00,84022.39916,89037.02398666713,737.99,5.968,49,49,tp/sl
LONG,2025-03-04 18:00:00,2025-03-06 02:00:00,86763.92137,91942.16572520434,781.27,5.968,32,32,tp/sl
SHORT,2025-03-06 16:00:00,2025-03-06 22:00:00,89286.70595,90653.19434121177,-221.09,-1.53,6,6,tp/sl
SHORT,2025-03-10 16:00:00,2025-03-11 04:00:00,78982.39817000001,80191.18428279278,-217.49,-1.53,12,12,tp/sl
LONG,2025-03-11 18:00:00,2025-03-12 04:00:00,83297.48174999999,82023.40511789286,-213.61,-1.53,10,10,tp/sl
SHORT,2025-03-13 15:00:00,2025-03-14 02:00:00,81019.58683,82259.55109663973,-210.45,-1.53,11,11,tp/sl
LONG,2025-03-17 17:00:00,2025-03-18 04:00:00,84218.95810999999,82930.78703622849,-206.7,-1.53,11,11,tp/sl
SHORT,2025-03-20 16:00:00,2025-03-23 10:00:00,83774.76002999999,84483.43743,-115.44,-0.846,66,66,taker
LONG,2025-03-25 19:00:00,2025-03-26 13:00:00,88140.83432,86792.67618865844,-201.41,-1.53,18,18,tp/sl
SHORT,2025-03-26 14:00:00,2025-03-31 00:00:00,86748.26771,81567.83465889421,743.54,5.972,106,106,tp/sl
LONG,2025-03-31 14:00:00,2025-03-31 22:00:00,83521.24885999999,82243.74959806186,-209.77,-1.53,8,8,tp/sl
LONG,2025-04-07 14:00:00,2025-04-07 15:00:00,79053.709,77844.54299399052,-206.35,-1.53,1,1,tp/sl
SHORT,2025-04-08 18:00:00,2025-04-09 17:00:00,77228.8244,78410.77294302979,-203.31,-1.53,23,23,tp/sl
LONG,2025-04-09 17:00:00,2025-04-10 13:00:00,82216.65759999999,80959.11271367919,-199.68,-1.53,20,20,tp/sl
SHORT,2025-04-10 15:00:00,2025-04-10 19:00:00,78727.07479,79931.95330612356,-196.73,-1.53,4,4,tp/sl
SHORT,2025-04-15 18:00:00,2025-04-16 16:00:00,84158.84477000001,85071.5138,-138.91,-1.084,22,22,taker
SHORT,2025-04-28 15:00:00,2025-04-29 00:00:00,93811.848,95247.59142771599,-191.23,-1.53,9,9,tp/sl
LONG,2025-05-06 18:00:00,2025-05-08 15:00:00,95103.72256,100779.70292982591,703.71,5.968,45,45,tp/sl
SHORT,2025-05-12 14:00:00,2025-05-13 16:00:00,102783.55567999999,104356.60660790454,-199.14,-1.53,26,26,tp/sl
LONG,2025-05-13 17:00:00,2025-05-14 17:00:00,104290.07764,102694.9087574574,-195.59,-1.53,24,24,tp/sl
LONG,2025-05-15 16:00:00,2025-05-18 19:00:00,103869.1514,103851.73513,-8.14,-0.017,75,75,taker
LONG,2025-05-19 15:00:00,2025-05-22 03:00:00,104827.4388,111083.75000246162,720.05,5.968,60,60,tp/sl
SHORT,2025-06-20 14:00:00,2025-06-23 05:00:00,103894.02244,101797.23001,253.77,2.018,63,63,taker
SHORT,2025-06-27 14:00:00,2025-06-29 09:00:00,106534.13017,107934.47063,-179.3,-1.314,43,43,taker
SHORT,2025-06-29 16:00:00,2025-06-29 23:00:00,107519.83437000001,108394.00845,-111.8,-0.813,7,7,taker
SHORT,2025-07-07 14:00:00,2025-07-08 12:00:00,108184.33496000001,108982.685,-101.14,-0.738,22,22,taker
SHORT,2025-07-14 15:00:00,2025-07-16 09:00:00,119846.03540000001,119230.7585,58.99,0.513,42,42,taker
SHORT,2025-07-18 15:00:00,2025-07-21 06:00:00,117809.04668,119219.95525999999,-159.46,-1.198,63,63,taker
SHORT,2025-07-21 18:00:00,2025-07-22 10:00:00,117111.95587,118904.29579861241,-199.38,-1.53,16,16,tp/sl
SHORT,2025-07-28 14:00:00,2025-07-31 06:00:00,117956.40246000001,118734.80975999999,-88.1,-0.66,64,64,taker
SHORT,2025-07-31 19:00:00,2025-08-03 18:00:00,116746.06567000001,114417.41493,239.49,1.995,71,71,taker
LONG,2025-08-06 14:00:00,2025-08-09 23:00:00,115222.45636999999,116435.05900000001,125.66,1.052,81,81,taker
LONG,2025-08-18 17:00:00,2025-08-19 03:00:00,116457.02663000001,114783.5546,-188.19,-1.437,10,10,taker
SHORT,2025-08-21 16:00:00,2025-08-22 14:00:00,112347.58561000001,114067.00923396825,-197.14,-1.53,22,22,tp/sl
LONG,2025-08-22 14:00:00,2025-08-23 13:00:00,115843.64266999999,114831.34026000001,-113.25,-0.874,23,23,taker
SHORT,2025-09-05 14:00:00,2025-09-07 08:00:00,110530.93077,111099.51986,-68.58,-0.514,42,42,taker
SHORT,2025-09-09 15:00:00,2025-09-10 07:00:00,110836.63902999999,112532.93837203461,-190.85,-1.53,16,16,tp/sl
SHORT,2025-09-14 15:00:00,2025-09-15 05:00:00,115189.43280000001,116547.45375,-145.99,-1.179,14,14,taker
LONG,2025-09-16 17:00:00,2025-09-17 14:00:00,116499.9395,115583.41457000001,-98.03,-0.787,21,21,taker
LONG,2025-09-24 14:00:00,2025-09-25 04:00:00,113749.81470999999,112009.95441910319,-183.41,-1.53,14,14,tp/sl
LONG,2025-09-28 15:00:00,2025-09-30 09:00:00,110068.61068,112760.46171,273.63,2.446,42,42,taker
LONG,2025-09-30 19:00:00,2025-10-03 15:00:00,114393.60779,121220.84709012278,691.85,5.968,68,68,tp/sl
SHORT,2025-10-07 14:00:00,2025-10-08 17:00:00,122705.07743,124074.31113,-144.43,-1.116,27,27,taker
SHORT,2025-10-09 15:00:00,2025-10-10 20:00:00,121124.95161,113891.61174975401,724.69,5.972,29,29,tp/sl
LONG,2025-10-12 15:00:00,2025-10-14 04:00:00,113232.95969999999,113032.87996,-29.35,-0.177,37,37,taker
LONG,2025-10-21 14:00:00,2025-10-21 21:00:00,112225.65759999999,110509.11005417918,-203.89,-1.53,7,7,tp/sl
LONG,2025-11-05 15:00:00,2025-11-06 14:00:00,103761.51912,102174.43480430004,-200.57,-1.53,23,23,tp/sl
SHORT,2025-11-06 16:00:00,2025-11-07 05:00:00,100840.93864000001,102384.25878541588,-197.6,-1.53,13,13,tp/sl
LONG,2025-11-07 17:00:00,2025-11-11 13:00:00,102420.91705999999,104374.67820000001,228.24,1.908,92,92,taker
SHORT,2025-11-12 15:00:00,2025-11-13 06:00:00,102151.3454,103621.07699999999,-186.41,-1.439,15,15,taker
SHORT,2025-11-13 16:00:00,2025-11-14 12:00:00,100605.30935000001,94597.3614862367,730.08,5.972,20,20,tp/sl
LONG,2025-11-18 15:00:00,2025-11-19 04:00:00,92934.07186,91512.59876386538,-205.98,-1.53,13,13,tp/sl
SHORT,2025-11-20 15:00:00,2025-11-21 07:00:00,89835.54125000001,84470.7423976325,760.38,5.972,16,16,tp/sl
LONG,2025-11-24 17:00:00,2025-11-25 08:00:00,88391.80959,87039.81266641617,-214.52,-1.53,15,15,tp/sl
SHORT,2025-11-29 17:00:00,2025-11-30 13:00:00,90403.37085,91786.94923917382,-211.35,-1.53,20,20,tp/sl
LONG,2025-12-07 16:00:00,2025-12-08 15:00:00,89919.06763,89935.0114,-4.24,0.018,23,23,taker
LONG,2025-12-09 15:00:00,2025-12-11 00:00:00,92734.41198,91315.99278155991,-207.42,-1.53,33,33,tp/sl
LONG,2025-12-11 20:00:00,2025-12-12 15:00:00,91808.93441999999,90404.67086357888,-204.04,-1.53,19,19,tp/sl
SHORT,2025-12-12 15:00:00,2025-12-15 04:00:00,89914.41758,89696.80097,24.43,0.242,61,61,taker
LONG,2025-12-16 15:00:00,2025-12-17 05:00:00,87995.29066999999,86649.35870155701,-201.0,-1.53,14,14,tp/sl
SHORT,2025-12-17 18:00:00,2025-12-18 08:00:00,85804.251,87117.44215942948,-198.03,-1.53,14,14,tp/sl
SHORT,2025-12-18 18:00:00,2025-12-19 03:00:00,85968.80162000001,87284.51114439328,-194.8,-1.53,9,9,tp/sl
SHORT,2025-12-22 19:00:00,2025-12-25 15:00:00,88032.68227,88393.61013,-55.77,-0.41,68,68,taker
SHORT,2025-12-31 15:00:00,2026-01-01 19:00:00,87918.6165,88412.41576999999,-73.78,-0.562,28,28,taker
SHORT,2026-01-06 16:00:00,2026-01-06 23:00:00,92657.29447000001,93778.125,-150.94,-1.21,7,7,taker
SHORT,2026-01-07 15:00:00,2026-01-09 16:00:00,91319.5959,91652.78758999999,-49.06,-0.365,49,49,taker
LONG,2026-01-12 16:00:00,2026-01-14 16:00:00,92145.43534,97644.85921196188,695.93,5.968,48,48,tp/sl
SHORT,2026-01-15 20:00:00,2026-01-20 17:00:00,95223.32443,89536.77794168924,737.94,5.972,117,117,tp/sl
LONG,2026-01-21 15:00:00,2026-01-21 16:00:00,90306.58385,88925.29949672232,-208.19,-1.53,1,1,tp/sl
SHORT,2026-01-21 16:00:00,2026-01-21 19:00:00,87569.12138,88909.32299816019,-205.12,-1.53,3,3,tp/sl
LONG,2026-01-21 19:00:00,2026-01-22 15:00:00,90385.1074,89002.6219897633,-201.46,-1.53,20,20,tp/sl
LONG,2026-02-02 17:00:00,2026-02-03 02:00:00,79009.79583,77801.30149788223,-198.18,-1.53,9,9,tp/sl
SHORT,2026-02-03 16:00:00,2026-02-05 02:00:00,76464.95363,71898.61952912365,731.61,5.972,34,34,tp/sl
LONG,2026-02-13 15:00:00,2026-02-15 13:00:00,68724.6112,68913.41977000001,29.36,0.275,46,46,taker
SHORT,2026-02-16 15:00:00,2026-02-16 20:00:00,67518.63833,68551.97733032148,-207.08,-1.53,5,5,tp/sl
SHORT,2026-02-23 17:00:00,2026-02-24 18:00:00,64788.15772,64444.92767999999,61.84,0.53,25,25,taker
SHORT,2026-02-26 16:00:00,2026-02-26 19:00:00,66619.90802999999,67639.49241244512,-204.58,-1.53,3,3,tp/sl
LONG,2026-02-28 18:00:00,2026-03-02 16:00:00,65926.27195,69860.88371251989,752.84,5.968,46,46,tp/sl
SHORT,2026-03-05 17:00:00,2026-03-08 22:00:00,70686.08781000001,66464.85601816243,798.29,5.972,77,77,tp/sl
SHORT,2026-03-13 17:00:00,2026-03-15 04:00:00,71011.89004,71603.97475,-126.13,-0.834,35,35,taker
SHORT,2026-03-24 16:00:00,2026-03-24 22:00:00,69454.05752999999,70517.01715346787,-223.46,-1.53,6,6,tp/sl
LONG,2026-04-04 15:00:00,2026-04-05 06:00:00,67399.61382,66780.05997,-134.67,-0.919,15,15,taker
LONG,2026-04-05 17:00:00,2026-04-07 01:00:00,67392.71175,68379.48,194.49,1.464,32,32,taker
LONG,2026-04-13 14:00:00,2026-04-15 06:00:00,72416.31838,73870.33225,272.93,2.008,40,40,taker
LONG,2026-04-16 19:00:00,2026-04-18 11:00:00,75369.6041,76027.185,116.84,0.872,40,40,taker
SHORT,2026-04-21 19:00:00,2026-04-21 23:00:00,75003.39223,76151.28164638403,-226.48,-1.53,4,4,tp/sl
SHORT,2026-04-29 14:00:00,2026-05-01 03:00:00,76549.22834,77153.73918,-118.37,-0.79,37,37,taker
LONG,2026-05-09 16:00:00,2026-05-11 03:00:00,80647.28693,80712.57896,4.32,0.081,35,35,taker
LONG,2026-05-14 14:00:00,2026-05-15 13:00:00,80988.18917,79749.43432255027,-220.42,-1.53,23,23,tp/sl
SHORT,2026-05-21 14:00:00,2026-05-23 18:00:00,76958.00567000001,75876.35608,186.26,1.406,52,52,taker
LONG,2026-05-29 16:00:00,2026-05-31 16:00:00,74076.51629,73509.04067,-113.49,-0.766,48,48,taker
SHORT,2026-06-09 14:00:00,2026-06-10 13:00:00,61529.03575,62470.706877635865,-218.1,-1.53,23,23,tp/sl
LONG,2026-06-10 15:00:00,2026-06-10 17:00:00,62655.59104,61697.242447247685,-214.21,-1.53,2,2,tp/sl
SHORT,2026-06-14 16:00:00,2026-06-14 21:00:00,63927.416020000004,64905.79315847809,-211.04,-1.53,5,5,tp/sl
LONG,2026-06-17 15:00:00,2026-06-17 19:00:00,65772.02569,64766.0096710586,-207.28,-1.53,4,4,tp/sl
SHORT,2026-06-17 19:00:00,2026-06-20 01:00:00,64281.40979,63606.0761,129.3,1.051,54,54,taker
LONG,2026-06-29 17:00:00,2026-06-30 04:00:00,60432.42429,59508.08014427231,-205.85,-1.53,11,11,tp/sl
LONG,2026-07-01 15:00:00,2026-07-05 22:00:00,60165.94437,63756.76826189034,758.68,5.968,103,103,tp/sl
LONG,2026-07-06 15:00:00,2026-07-08 02:00:00,63565.86404,62593.59236657618,-214.37,-1.53,35,35,tp/sl
LONG,2026-07-09 17:00:00,2026-07-11 23:00:00,63152.340019999996,63798.05484,129.82,1.022,54,54,taker
LONG,2026-07-17 17:00:00,2026-07-20 05:00:00,64072.716049999995,64113.26025,1.79,0.063,60,60,taker
LONG,2026-07-25 18:00:00,2026-07-27 14:00:00,64442.12684,64679.99018,42.98,0.369,44,44,taker
SHORT,2026-07-29 19:00:00,2026-07-30 09:00:00,63563.325280000005,64536.130191747754,-213.64,-1.53,14,14,tp/sl
SHORT,2026-08-12 14:00:00,2026-08-16 16:00:00,63351.18894,63274.07653,9.54,0.122,98,98,taker
SHORT,2026-09-01 16:00:00,2026-09-03 11:00:00,77569.7221,77958.98068000001,-73.39,-0.502,43,43,taker
SHORT,2026-09-09 19:00:00,2026-09-11 12:00:00,78205.13142,78048.50753,19.87,0.2,41,41,taker
LONG,2026-09-13 16:00:00,2026-09-13 22:00:00,77307.68535,76698.78346,-110.74,-0.788,6,6,taker
LONG,2026-09-20 16:00:00,2026-09-21 15:00:00,81364.90215,86220.9222401163,775.47,5.968,23,23,tp/sl
SHORT,2026-09-23 14:00:00,2026-09-24 02:00:00,84509.53953,84244.16566999999,36.66,0.314,12,12,taker
