side,entry,entry_i,stop,limit,comm,pnl,exit,exit_i,hold,entry_t,exit_t
LONG,89666.29,34,89048.1371017996,90593.51934730058,0.5000000000000001,-7.393927452562103,89048.1371017996,38.0,4.0,2026-01-02 10:00:00,2026-01-02 14:00:00
SHORT,91589.24,137,92757.89022137025,89836.26466794463,0.49960547597555827,-13.249226503437392,92757.89022137025,141.0,4.0,2026-01-06 17:00:00,2026-01-06 21:00:00
LONG,92203.56,266,91457.12846130843,93323.20730803735,0.49891771563606185,-8.576868678976492,91457.12846130843,271.0,5.0,2026-01-12 02:00:00,2026-01-12 07:00:00
SHORT,90433.46,274,91341.97116813675,89070.6932477949,0.49846412826510533,-10.51378870933042,91341.97116813675,279.0,5.0,2026-01-12 10:00:00,2026-01-12 15:00:00
LONG,92269.42,297,91293.08191232602,93733.92713151098,0.49791326524011115,15.30791986599799,93733.92713151098,304.0,7.0,2026-01-13 09:00:00,2026-01-13 16:00:00
SHORT,95261.29,364,96329.03381607847,93659.67427588227,0.49865337042432073,16.268935625187517,93659.67427588227,431.0,67.0,2026-01-16 04:00:00,2026-01-18 23:00:00
LONG,90600.0,545,89396.38285106795,92405.42572339808,0.49944230372678367,-13.769581854889895,89396.38285106795,548.0,3.0,2026-01-23 17:00:00,2026-01-23 20:00:00
SHORT,88831.36,582,89279.97787497236,88158.43318754145,0.49872918427234164,7.05734651359922,88158.43318754145,584.0,2.0,2026-01-25 06:00:00,2026-01-25 08:00:00
LONG,88550.61,625,87438.27910356977,90219.10634464533,0.49905730404070053,-13.036901105989545,87438.27910356977,641.0,16.0,2026-01-27 01:00:00,2026-01-27 17:00:00
SHORT,87014.4,686,87992.43212843794,85547.35180734308,0.498380819566294,16.306853270414347,85547.35180734308,687.0,1.0,2026-01-29 14:00:00,2026-01-29 15:00:00
LONG,79065.24,792,77443.08012375496,81498.47981436757,0.4991716633196887,-20.981908289318657,77443.08012375496,806.0,14.0,2026-02-03 00:00:00,2026-02-03 14:00:00
SHORT,74915.79,809,76665.8422176031,72290.71167359533,0.4980981213904724,-23.769499835857836,76665.8422176031,812.0,3.0,2026-02-03 17:00:00,2026-02-03 20:00:00
LONG,68194.89,878,65309.10658936044,72523.56511595934,0.49688415970756705,-9.392359982317933,67584.46,988.0,110.0,2026-02-06 14:00:00,2026-02-11 04:00:00
SHORT,67584.46,988,68953.51704682372,65530.874429764444,0.49638991988736136,29.66969194837265,65530.874429764444,1025.0,37.0,2026-02-11 04:00:00,2026-02-12 17:00:00
LONG,68692.12,1047,67364.74254937762,70683.18617593354,0.49784933914083235,28.36284035493708,70683.18617593354,1087.0,40.0,2026-02-13 15:00:00,2026-02-15 07:00:00
SHORT,68641.21,1097,69709.71183885408,67038.45724171889,0.49924186717437985,-16.042116274801167,69709.71183885408,1116.0,19.0,2026-02-15 17:00:00,2026-02-16 12:00:00
LONG,68450.01,1238,67778.2620366702,69457.63194499467,0.4984144106954209,-10.280994874273654,67778.2620366702,1261.0,23.0,2026-02-21 14:00:00,2026-02-22 13:00:00
SHORT,67443.89,1262,67966.99935899787,66659.2259615032,0.4978756847956841,11.087017935698146,66659.2259615032,1273.0,11.0,2026-02-22 14:00:00,2026-02-23 01:00:00
LONG,65896.75,1321,64611.01717297561,67825.34924053658,0.49840543153056976,28.67524385251348,67825.34924053658,1336.0,15.0,2026-02-25 01:00:00,2026-02-25 16:00:00
SHORT,66643.55,1360,67985.99924079663,64629.87613880506,0.49981354411038686,-20.63602516041422,67985.99924079663,1372.0,12.0,2026-02-26 16:00:00,2026-02-27 04:00:00
LONG,66959.62,1412,65475.96803452603,69185.09794821094,0.4987562487698701,-22.6010527904719,65475.96803452603,1436.0,24.0,2026-02-28 20:00:00,2026-03-01 20:00:00
SHORT,70704.41,1529,72324.10848378253,68274.8622743262,0.4976018108753217,33.69962430000818,68274.8622743262,1550.0,21.0,2026-03-05 17:00:00,2026-03-06 14:00:00
LONG,68976.0,1621,67632.68910987144,70990.96633519285,0.4992627669304311,28.670235834903572,70990.96633519285,1640.0,19.0,2026-03-09 13:00:00,2026-03-10 08:00:00
SHORT,72361.24,1836,73434.89798834467,70750.75301748299,0.5006705863463647,21.78538923905139,70750.75301748299,1844.0,8.0,2026-03-18 12:00:00,2026-03-18 20:00:00
LONG,70122.15,1955,68688.78104921534,72272.20342617697,0.5017353794304955,-21.0137109644869,68688.78104921534,2031.0,76.0,2026-03-23 11:00:00,2026-03-26 15:00:00
SHORT,69082.64,2031,70067.09543708718,67605.95684436923,0.5006601199126893,20.903164799666285,67605.95684436923,2049.0,18.0,2026-03-26 15:00:00,2026-03-27 09:00:00
LONG,67014.91,2079,66282.91002327946,68112.90996508082,0.5016807802423,-11.461340935228948,66282.91002327946,2088.0,9.0,2026-03-28 15:00:00,2026-03-29 00:00:00
SHORT,65860.31,2110,66641.02696579616,64689.234551305744,0.5010829031480303,-12.380891053400081,66641.02696579616,2112.0,2.0,2026-03-29 22:00:00,2026-03-30 00:00:00
LONG,67616.29,2116,66645.70799047143,69072.16301429283,0.5004385074549991,-14.867290406935028,66645.70799047143,2130.0,14.0,2026-03-30 04:00:00,2026-03-30 18:00:00
SHORT,66330.27,2188,67430.17681358378,64680.40977962435,0.4996704801805771,-17.071017640301964,67430.17681358378,2201.0,13.0,2026-04-02 04:00:00,2026-04-02 17:00:00
LONG,67383.66,2247,66989.36787770619,67975.09818344073,0.49879153149087396,-6.336099019202874,66989.36787770619,2258.0,11.0,2026-04-04 15:00:00,2026-04-05 02:00:00
SHORT,66783.58,2268,67158.79718847189,66220.75421729217,0.49844993289602646,-6.099436954413788,67158.79718847189,2271.0,3.0,2026-04-05 12:00:00,2026-04-05 15:00:00
LONG,67658.35,2276,67155.91712395182,68411.9993140723,0.49811989852698535,10.599038688716734,68411.9993140723,2279.0,3.0,2026-04-05 20:00:00,2026-04-05 23:00:00
SHORT,68400.01,2305,69304.06157889264,67043.93263166102,0.4986246670375301,-13.679395181840004,69304.06157889264,2324.0,19.0,2026-04-07 01:00:00,2026-04-07 20:00:00
LONG,69927.64,2325,68898.97807853896,71470.63288219155,0.4979154365258233,21.475655371602272,71470.63288219155,2326.0,1.0,2026-04-07 21:00:00,2026-04-07 22:00:00
SHORT,71452.89,2434,72157.25647851088,70396.34028223366,0.49896377418330695,-10.336308534514103,72157.25647851088,2462.0,28.0,2026-04-12 10:00:00,2026-04-13 14:00:00
LONG,72400.15,2462,71588.44139220632,73617.7129116905,0.4984217646342531,16.26562789542861,73617.7129116905,2470.0,8.0,2026-04-13 14:00:00,2026-04-13 22:00:00
SHORT,75015.0,2601,75668.37758469983,74034.93362295025,0.4992097058395514,-9.195401983654918,75668.37758469983,2604.0,3.0,2026-04-19 09:00:00,2026-04-19 12:00:00
LONG,75898.14,2633,74815.51549422841,77522.07675865738,0.49872475785026965,20.842969958925483,77522.07675865738,2666.0,33.0,2026-04-20 17:00:00,2026-04-22 02:00:00
SHORT,77245.77,2753,77731.96226874036,76516.48159688945,0.4997414365679556,-6.790582289822169,77731.96226874036,2764.0,11.0,2026-04-25 17:00:00,2026-04-26 04:00:00
LONG,78102.53,2767,77659.92606140646,78766.43590789032,0.4993767631106147,7.990468144404758,78766.43590789032,2781.0,14.0,2026-04-26 07:00:00,2026-04-26 21:00:00
SHORT,76793.09,2799,77705.69195270544,75424.18707094181,0.49975110543355666,-12.377742593609604,77705.69195270544,2841.0,42.0,2026-04-27 15:00:00,2026-04-29 09:00:00
LONG,77642.0,2841,76929.9199834489,78710.12002482665,0.49910693379881726,-9.65405074462883,76929.9199834489,2844.0,3.0,2026-04-29 09:00:00,2026-04-29 12:00:00
SHORT,75924.25,2847,76813.50655823799,74590.36516264302,0.4985995047884911,-12.178211211651051,76813.50655823799,2883.0,36.0,2026-04-29 15:00:00,2026-05-01 03:00:00
LONG,77377.47,2888,76663.95641034996,78447.74038447507,0.49796537226237647,13.277558444334948,78447.74038447507,2893.0,5.0,2026-05-01 08:00:00,2026-05-01 13:00:00
SHORT,80171.38,3038,81040.5633229668,78867.60501554982,0.49860400752788475,-8.475633269286364,80812.7,3089.0,51.0,2026-05-07 14:00:00,2026-05-09 17:00:00
LONG,80812.7,3089,80315.18306196074,81558.97540705888,0.49815509623831256,8.702401183250059,81558.97540705888,3113.0,24.0,2026-05-09 17:00:00,2026-05-10 17:00:00
SHORT,80466.91,3157,81173.88156366975,79406.45265449537,0.49856507852875603,-9.25921795207906,81173.88156366975,3169.0,12.0,2026-05-12 13:00:00,2026-05-13 01:00:00
LONG,81301.23,3207,80374.62336808008,82691.13994787986,0.49807697036090376,-11.851445767929969,80374.62336808008,3221.0,14.0,2026-05-14 15:00:00,2026-05-15 05:00:00
SHORT,78758.59,3229,79765.99861866112,77247.47707200832,0.4974597780582092,18.591706286992753,77247.47707200832,3287.0,58.0,2026-05-15 13:00:00,2026-05-17 23:00:00
LONG,77967.09,3360,77242.32513148236,79054.23730277644,0.49836496761280746,-9.763746559402213,77242.32513148236,3370.0,10.0,2026-05-21 00:00:00,2026-05-21 10:00:00
SHORT,76774.23,3398,77377.53528953115,75869.27206570325,0.49785209367099653,11.238773653635521,75869.27206570325,3403.0,5.0,2026-05-22 14:00:00,2026-05-22 19:00:00
LONG,75983.45,3427,75342.30378232991,76945.16932650511,0.4983894331646384,12.117798697286487,76945.16932650511,3428.0,1.0,2026-05-23 19:00:00,2026-05-23 20:00:00
SHORT,75579.01,3508,76342.3929992363,74433.93550114553,0.49897008822314115,14.620516756483601,74433.93550114553,3525.0,17.0,2026-05-27 04:00:00,2026-05-27 21:00:00
LONG,74150.64,3603,73717.74191474113,74799.98712788832,0.49967654354372537,-6.333989475943232,73717.74191474113,3610.0,7.0,2026-05-31 03:00:00,2026-05-31 10:00:00
SHORT,73292.92,3625,73878.5769129211,72414.43463061834,0.49933500610057424,-8.479341756719874,73878.5769129211,3626.0,1.0,2026-06-01 01:00:00,2026-06-01 02:00:00
LONG,63631.42,3792,62300.47941181606,65627.83088227591,0.4988858727622644,-21.368684375793222,62300.47941181606,3829.0,37.0,2026-06-08 00:00:00,2026-06-09 13:00:00
SHORT,61541.95,3830,62569.2527756722,60000.995836491704,0.49779301599479914,-17.116835702867515,62569.2527756722,3855.0,25.0,2026-06-09 14:00:00,2026-06-10 15:00:00
LONG,62957.99,3872,62019.825073591564,64365.23738961265,0.49691186908278895,21.71720045039563,64365.23738961265,3903.0,31.0,2026-06-11 08:00:00,2026-06-12 15:00:00
SHORT,64926.02,4016,65670.19290289718,63809.76064565423,0.4979723281590466,-11.913349799582244,65670.19290289718,4023.0,7.0,2026-06-17 08:00:00,2026-06-17 15:00:00
LONG,64160.04,4095,63453.81185064993,65219.38222402511,0.4973514766682227,-11.446335079045143,63453.81185064993,4127.0,32.0,2026-06-20 15:00:00,2026-06-21 23:00:00
SHORT,63311.99,4127,63884.09340802852,62453.834887957215,0.4967545660650271,-9.474358340627564,63884.09340802852,4128.0,1.0,2026-06-21 23:00:00,2026-06-22 00:00:00
LONG,64606.0,4129,63870.01073491418,65709.98389762873,0.4962557859795981,-11.802912480952466,63870.01073491418,4132.0,3.0,2026-06-22 01:00:00,2026-06-22 04:00:00
SHORT,62936.01,4158,63752.81296009124,61710.80555986314,0.4956411102326688,18.802108746214532,61710.80555986314,4189.0,31.0,2026-06-23 06:00:00,2026-06-24 13:00:00
LONG,60815.99,4365,59869.10988529765,62236.31017205352,0.49655691605821434,-15.958933492792262,59869.10988529765,4368.0,3.0,2026-07-01 21:00:00,2026-07-02 00:00:00
SHORT,61754.01,4476,62481.99172771088,60662.03740843368,0.4957345280971862,-12.183580491464685,62481.99172771088,4479.0,3.0,2026-07-06 12:00:00,2026-07-06 15:00:00
LONG,63545.98,4479,62566.839833899125,65014.69024915132,0.49510027015005903,-15.752479596153643,62566.839833899125,4514.0,35.0,2026-07-06 15:00:00,2026-07-08 02:00:00
SHORT,62018.36,4520,62960.94649630797,60604.480255538045,0.49428827259122693,-15.51917609703176,62960.94649630797,4542.0,22.0,2026-07-08 08:00:00,2026-07-09 06:00:00
LONG,63313.38,4556,62534.05155184502,64482.37267223247,0.49348722375055015,17.729610276485282,64482.37267223247,4570.0,14.0,2026-07-09 20:00:00,2026-07-10 10:00:00
SHORT,63412.01,4633,63968.14654999386,62577.80517500922,0.4943485743257495,12.51227165202741,62577.80517500922,4637.0,4.0,2026-07-13 01:00:00,2026-07-13 05:00:00
LONG,63960.0,4668,63253.00323342562,65020.49514986158,0.4949497956451402,15.918178963161928,65020.49514986158,4678.0,10.0,2026-07-14 12:00:00,2026-07-14 22:00:00
SHORT,64126.85,4712,64827.88892301639,63075.291615475406,0.4957205467752971,-11.334219497790407,64827.88892301639,4718.0,6.0,2026-07-16 08:00:00,2026-07-16 14:00:00
LONG,64218.0,4764,63847.31581918085,64774.02627122873,0.49512877881059497,8.07893483762372,64774.02627122873,4773.0,9.0,2026-07-18 12:00:00,2026-07-18 21:00:00
SHORT,64128.0,4805,64706.2088151146,63260.6867773281,0.49550775476194525,12.907699195135184,63260.6867773281,4808.0,3.0,2026-07-20 05:00:00,2026-07-20 08:00:00
LONG,65598.75,4815,64654.629514143286,67014.93072878507,0.4961286994141377,-7.026244618515551,65167.04,4884.0,69.0,2026-07-20 15:00:00,2026-07-23 12:00:00
SHORT,65167.04,4884,65743.50546057195,64302.34180914208,0.49575274400113906,-9.266577194533912,65743.50546057195,4903.0,19.0,2026-07-23 12:00:00,2026-07-24 07:00:00
LONG,64712.99,4958,64439.84957305288,65122.70064042068,0.495264408233601,5.775967932443509,65122.70064042068,4966.0,8.0,2026-07-26 14:00:00,2026-07-26 22:00:00
SHORT,63792.0,4990,64499.40838506588,62730.88742240118,0.49552828662900306,-11.485648207581004,64499.40838506588,5023.0,33.0,2026-07-27 22:00:00,2026-07-29 07:00:00
LONG,64698.0,5025,64047.745863274315,65673.38120508853,0.49492895305129453,-10.44360121825012,64047.745863274315,5030.0,5.0,2026-07-29 09:00:00,2026-07-29 14:00:00
SHORT,63715.9,5073,64320.903663449695,62808.39450482546,0.4943822752595362,13.588590154382716,62808.39450482546,5078.0,5.0,2026-07-31 09:00:00,2026-07-31 14:00:00
LONG,63451.58,5114,63037.21583896455,64073.12624155318,0.4950373377278031,-6.9606204210428455,63037.21583896455,5123.0,9.0,2026-08-02 02:00:00,2026-08-02 11:00:00
SHORT,62623.6,5142,63082.16859468577,61935.74710797135,0.4946647164794417,-7.739144557198038,63082.16859468577,5149.0,7.0,2026-08-03 06:00:00,2026-08-03 13:00:00
LONG,63967.19,5150,63306.45264273196,64958.296035902065,0.4942528449037619,14.821629495586249,64958.296035902065,5204.0,54.0,2026-08-03 14:00:00,2026-08-05 20:00:00
SHORT,64299.99,5319,64798.45385701537,63552.29421447695,0.49496883083923754,11.016264958894462,63552.29421447695,5343.0,24.0,2026-08-10 15:00:00,2026-08-11 15:00:00
LONG,63667.99,5478,63334.865405218654,64167.67689217202,0.495495183426485,-5.6805695730862045,63334.865405218654,5481.0,3.0,2026-08-17 06:00:00,2026-08-17 09:00:00
SHORT,76602.0,5620,77501.2421992355,75253.13670114677,0.4951865098155191,-12.121321757413646,77501.2421992355,5629.0,9.0,2026-08-23 04:00:00,2026-08-23 13:00:00
LONG,78443.65,5651,77333.16551424473,80109.3767286329,0.49455539374877644,20.508907299710938,80109.3767286329,5666.0,15.0,2026-08-24 11:00:00,2026-08-25 02:00:00
SHORT,78331.13,5751,79498.31199749128,76580.3570037631,0.49555558625750723,-6.239058769981955,78785.06,5796.0,45.0,2026-08-28 15:00:00,2026-08-30 12:00:00
LONG,78785.06,5796,78312.0317136932,79494.6024294602,0.49521871195211564,-6.441840029795103,78312.0317136932,5805.0,9.0,2026-08-30 12:00:00,2026-08-30 21:00:00
SHORT,77682.0,5807,78532.64555799574,76406.03166300639,0.4948720076805611,-11.332921365573073,78532.64555799574,5817.0,10.0,2026-08-30 23:00:00,2026-08-31 09:00:00
LONG,78652.38,5892,77770.7696471101,79974.79552933486,0.49428034706066437,16.126806180722642,79974.79552933486,5894.0,2.0,2026-09-03 12:00:00,2026-09-03 14:00:00
SHORT,79453.96,5916,80636.38260804773,77680.32608792842,0.4950615578251843,21.607246936848586,77680.32608792842,6013.0,97.0,2026-09-04 12:00:00,2026-09-08 13:00:00
LONG,79242.56,6085,78095.49015963552,80963.16476054673,0.49611771965184787,-14.8591487343751,78095.49015963552,6087.0,2.0,2026-09-11 13:00:00,2026-09-11 15:00:00
SHORT,77332.94,6106,77932.94402456148,76432.93396315779,0.49535031540492186,11.034491281620195,76432.93396315779,6144.0,38.0,2026-09-12 10:00:00,2026-09-14 00:00:00
LONG,78141.57,6153,77439.31172568238,79194.95741147644,0.49587756069927247,12.873477062563463,79194.95741147644,6162.0,9.0,2026-09-14 09:00:00,2026-09-14 18:00:00
SHORT,77286.7,6174,78041.13089173626,76155.05366239561,0.49649610644050013,14.043081867214163,76155.05366239561,6181.0,7.0,2026-09-15 06:00:00,2026-09-15 13:00:00
LONG,77383.47,6243,76635.18715264252,78505.89427103622,0.4971737992179882,13.925543072112708,78505.89427103622,6253.0,10.0,2026-09-18 03:00:00,2026-09-18 13:00:00
SHORT,80331.52,6290,81008.89301600853,79315.46047598722,0.49784485711371124,-8.893719163175586,81008.89301600853,6304.0,14.0,2026-09-20 02:00:00,2026-09-20 16:00:00
LONG,83760.0,6320,82649.18933688031,85426.21599467954,0.497375069015839,19.29093188774235,85426.21599467954,6324.0,4.0,2026-09-21 08:00:00,2026-09-21 12:00:00
SHORT,84533.99,6374,85724.02246209896,82748.94130685157,0.49831425214910147,-5.332317939096075,84944.01,6465.0,91.0,2026-09-23 14:00:00,2026-09-27 09:00:00
LONG,84944.01,6465,84484.11220791434,85633.85668812846,0.498022599689447,-5.890739378799244,84484.11220791434,6470.0,5.0,2026-09-27 09:00:00,2026-09-27 14:00:00
