ts,dir,pnl,win,regime6_cn,confidence,bodyAtrRatio,flipDensity,wickRatio,trendAge,gapRatio,er,momentum,atr_trend,adx,adx_slope,flip_count,volatility_spike,mom5,atr_contract50,st_dist_change,close_ma30_atr,flip50,er20,dist_base_ma,adx_chg20,er_chg20,vol100,slope_htf,dist_htf_ma,v3_score,v3_pass,prob,pred
1788980400000,-1,1.598,1,震荡,50,0.3857,0.04,1.2769,12,0.0,0.042,-0.29,41.78,23.5,-0.7,2,2.75,1.5178171417229656,0.1287937204104157,-0.9442999355439752,1.2156417303223932,2,0.04209582700645926,-0.7481932921345884,-9.464878172248813,-0.09609390181340856,4,-0.632218945024462,-1.353141016504587,100,True,0.47411252384847086,0
1789128000000,1,-1.128,0,趋势末期,50,1.9651,0.04,1.18,41,0.0002,0.223,1.06,12.67,33.2,-11.9,2,4.28,1.5777286326079256,0.14528294343588244,5.826050090169523,1.4769254449121352,2,0.22295421135735954,0.9631111479173659,-5.168760657647084,-0.2124847949655094,0,-0.994393760094609,-0.5647000231053783,80,True,0.44508150069727676,0
1789286400000,-1,-2.0,0,震荡,50,1.8952,0.04,0.4323,44,0.0,0.345,-0.67,-19.47,12.8,4.3,2,2.71,2.2967356074327276,-0.3407335034557041,-5.5055084671802454,2.6587198098666813,2,0.34514331210229277,-0.5750821384117042,0.6025179757557169,-0.12932327476152713,10,-0.8444116029314709,-1.1693104649004873,0,False,0.500919511350974,1
1789315200000,1,2.5,1,震荡,50,0.6646,0.04,0.5825,8,0.0004,0.059,0.15,41.94,23.2,12.8,2,1.98,2.1629117259226773,-0.7696083926317803,2.1470488485201735,0.5332269244840576,2,0.059465700939521006,0.15815115639094,15.153774320846862,-0.11864966943991911,10,-0.7398081110057652,-0.4364241305661627,0,False,0.46369379792615445,0
1789336800000,-1,-2.0,0,震荡无序期,50,2.4675,0.06,0.0997,6,0.0,0.228,-0.73,73.81,19.3,-5.8,3,2.71,2.536609007288702,-0.7950020834941102,-6.160987824719892,1.714602460556584,3,0.22795595209395023,-0.530633456248455,9.234296068422902,-0.007604827436402334,11,-0.7191506476063299,-1.0924141560873053,0,False,0.447355448293423,0
1789351200000,1,2.5,1,震荡无序期,50,1.411,0.08,0.447,4,0.0,0.158,0.62,157.04,22.6,0.8,4,2.04,0.8268570367088316,-0.7245215319759084,2.850204434962971,1.372707308663351,4,0.1583129179633371,0.6188888786113657,14.248827403424135,-0.09638839050952927,12,-0.6762971471516146,0.08241503126304647,0,False,0.44367413036483094,0
1789430400000,-1,2.5,1,震荡,50,0.5834,0.1,0.3062,22,0.0,0.063,0.36,31.58,32.0,7.9,5,1.47,2.493834075149174,1.095361550423104,-6.5003921198561585,0.009222288724282665,5,0.06325645124457639,0.004960620795794021,14.073744160599219,-0.16699243539064385,13,-0.36575128629468606,0.6638468560538626,0,False,0.453771282242925,0
1789696800000,1,2.5,1,震荡,50,0.7186,0.02,0.6324,74,0.0003,0.233,0.65,-18.84,10.8,-3.0,1,1.19,1.7004502039771017,-0.3131323395919572,4.357977643876223,1.4777373414969974,1,0.23250606456432887,0.6466128038388959,-7.676080855803336,0.05171191067612388,6,-0.3678375011446837,0.12423866101054222,60,True,0.46404477037404496,0
1789869600000,-1,-2.0,0,趋势末期,50,2.2578,0.04,0.1842,48,0.0003,0.253,-0.89,-11.73,42.3,-16.4,2,2.67,2.244866376185445,0.1238154259382016,-7.070323167756332,2.7008137265392804,2,0.253047498949323,-1.1279602608539498,-16.34974757324722,-0.4380352083761538,2,1.4372447581680068,2.925717919779922,100,True,0.48356981227788903,0
1789920000000,1,2.5,1,震荡,50,1.2836,0.04,0.6184,14,0.0,0.062,0.23,6.11,28.8,-8.7,2,2.08,2.6002528250492007,-0.49320697456878737,2.5439872942328283,1.1906724279290561,2,0.06169371958590617,0.4847302197998469,-26.09707363606017,-0.06205087562652695,4,1.4801908309920548,3.486658776362318,100,True,0.44192467373868194,0
1790172000000,-1,0.191,1,趋势末期,50,1.984,0.02,0.654,70,0.0,0.381,-2.22,15.33,24.4,-8.3,1,3.28,2.0840816915225107,-0.21166166779691098,-6.45175688108801,2.5760797427418742,1,0.38125161060128193,-1.9031329183661172,-13.541552638535403,0.19805591740171327,8,3.529339707193016,1.443417882214636,100,True,0.44758298269770735,0
1790492400000,1,-0.066,0,震荡,50,1.2625,0.02,0.1254,89,0.0037,0.31,0.73,-10.16,10.8,-0.7,1,1.52,1.5712981658501055,-0.44860020389318034,6.167552559816985,2.7834909661592553,1,0.30997791608076336,0.7141533578707959,-1.3788885445655357,0.01450853760056936,0,2.7694507806777966,1.3407721784489588,100,True,0.44612924612096067,0
